{ "backgroundcolor":"#0000ff",
 "height":60,
 "infinite":false,
 "layers":[
        {
         "data":[1, 0, 0, 0, 0, 0, 0, 0, 0, 0, 0, 0, 0, 0, 0, 0, 0, 0, 0, 0, 0, 0, 0, 0, 0, 0, 0, 0, 0, 0, 0, 0, 0, 0, 0, 0, 0, 0, 0, 1, 1, 0, 0, 0, 0, 0, 0, 0, 0, 0, 0, 0, 0, 0, 0, 0, 0, 0, 0, 0, 0, 0, 0, 0, 0, 0, 0, 0, 0, 0, 0, 0, 0, 0, 0, 0, 0, 0, 0, 1, 1, 0, 0, 0, 0, 0, 0, 0, 0, 0, 0, 0, 0, 0, 0, 0, 0, 0, 0, 0, 0, 0, 0, 0, 0, 0, 0, 0, 0, 0, 0, 0, 0, 0, 0, 0, 0, 0, 0, 1, 1, 0, 0, 0, 0, 0, 0, 0, 0, 0, 0, 0, 0, 0, 0, 0, 0, 0, 0, 0, 0, 0, 0, 0, 0, 0, 0, 0, 0, 0, 0, 0, 0, 0, 0, 0, 0, 0, 0, 1, 1, 0, 0, 0, 0, 0, 0, 0, 0, 0, 0, 0, 0, 0, 0, 0, 0, 0, 0, 0, 0, 0, 0, 0, 0, 0, 0, 0, 0, 0, 0, 0, 0, 0, 0, 0, 0, 0, 0, 1, 1, 0, 0, 0, 0, 0, 0, 0, 0, 0, 0, 0, 0, 0, 0, 0, 0, 0, 0, 0, 0, 0, 0, 0, 0, 0, 0, 0, 0, 0, 0, 0, 0, 0, 0, 0, 0, 0, 0, 1, 1, 0, 0, 0, 0, 0, 0, 0, 0, 0, 0, 0, 0, 0, 0, 0, 0, 0, 0, 0, 0, 0, 0, 0, 0, 0, 0, 0, 0, 0, 0, 0, 0, 0, 0, 0, 0, 0, 0, 1, 1, 0, 0, 0, 0, 0, 0, 0, 0, 0, 0, 0, 0, 2, 2, 2, 2, 2, 2, 2, 2, 2, 2, 2, 0, 0, 0, 0, 0, 0, 0, 0, 0, 0, 0, 0, 0, 0, 0, 1, 1, 0, 0, 0, 0, 0, 0, 0, 0, 0, 0, 0, 0, 0, 0, 0, 0, 0, 0, 0, 0, 0, 0, 0, 0, 0, 0, 0, 0, 0, 0, 0, 0, 0, 0, 0, 0, 0, 0, 1, 1, 0, 0, 0, 0, 0, 0, 0, 0, 0, 0, 0, 0, 0, 0, 0, 0, 0, 0, 0, 0, 0, 0, 0, 0, 0, 0, 0, 0, 0, 0, 0, 0, 0, 0, 0, 0, 0, 0, 1, 1, 0, 0, 0, 0, 0, 0, 0, 0, 0, 0, 0, 0, 0, 0, 0, 0, 0, 0, 0, 0, 0, 0, 0, 0, 0, 0, 0, 0, 0, 0, 0, 0, 0, 0, 0, 0, 0, 0, 1, 1, 0, 0, 0, 0, 0, 0, 0, 0, 0, 0, 0, 0, 0, 0, 0, 0, 0, 0, 0, 0, 0, 0, 0, 0, 0, 0, 0, 0, 0, 0, 0, 0, 0, 0, 0, 0, 0, 0, 1, 1, 0, 0, 0, 0, 0, 0, 0, 0, 0, 0, 0, 0, 0, 0, 0, 0, 0, 0, 0, 0, 0, 0, 0, 0, 0, 1, 1, 1, 1, 0, 0, 0, 0, 0, 0, 0, 0, 0, 1, 1, 2, 2, 2, 0, 0, 0, 0, 0, 0, 0, 0, 0, 0, 0, 0, 0, 0, 0, 0, 0, 0, 0, 0, 0, 0, 1, 1, 1, 1, 0, 0, 0, 0, 0, 0, 0, 0, 0, 1, 1, 0, 0, 0, 0, 0, 0, 0, 0, 0, 0, 0, 0, 0, 0, 0, 0, 0, 0, 0, 0, 0, 0, 0, 0, 0, 0, 0, 0, 0, 0, 0, 0, 0, 0, 0, 0, 0, 0, 1, 1, 0, 0, 0, 0, 0, 0, 0, 0, 0, 0, 0, 0, 0, 2, 2, 2, 2, 2, 2, 2, 2, 2, 2, 0, 0, 0, 0, 0, 0, 0, 0, 0, 2, 2, 2, 2, 2, 2, 1, 1, 0, 0, 0, 0, 0, 0, 0, 0, 0, 0, 0, 0, 0, 0, 0, 0, 0, 0, 0, 0, 0, 0, 0, 0, 0, 0, 0, 0, 0, 0, 0, 0, 0, 0, 0, 0, 0, 0, 1, 1, 0, 0, 0, 0, 0, 0, 0, 0, 0, 0, 0, 0, 0, 0, 0, 0, 0, 0, 0, 0, 0, 0, 0, 0, 0, 0, 0, 0, 0, 0, 0, 0, 0, 0, 0, 0, 0, 0, 1, 1, 0, 0, 0, 0, 0, 0, 0, 0, 0, 0, 0, 1, 1, 0, 0, 0, 0, 0, 0, 0, 0, 0, 0, 0, 0, 0, 0, 0, 0, 0, 0, 0, 0, 0, 0, 0, 0, 0, 1, 1, 0, 0, 0, 0, 0, 0, 0, 0, 0, 0, 0, 1, 1, 0, 0, 0, 0, 0, 0, 0, 0, 0, 0, 0, 0, 0, 0, 0, 0, 0, 0, 0, 0, 0, 0, 0, 0, 0, 1, 1, 0, 0, 0, 0, 0, 0, 0, 0, 0, 0, 0, 0, 0, 0, 0, 0, 0, 0, 0, 0, 0, 0, 0, 0, 0, 0, 0, 0, 0, 0, 0, 0, 0, 0, 0, 0, 0, 0, 1, 1, 0, 0, 0, 0, 0, 0, 0, 0, 0, 0, 0, 0, 0, 0, 0, 0, 1, 1, 0, 0, 0, 0, 0, 0, 0, 0, 0, 0, 0, 0, 0, 0, 0, 0, 0, 0, 0, 0, 1, 1, 0, 0, 0, 0, 0, 0, 0, 0, 0, 0, 0, 0, 0, 0, 0, 0, 1, 1, 0, 0, 0, 0, 0, 0, 0, 0, 0, 0, 0, 0, 0, 0, 0, 0, 0, 0, 0, 0, 1, 1, 2, 2, 2, 2, 2, 2, 2, 2, 2, 2, 2, 2, 2, 2, 2, 2, 2, 2, 2, 2, 2, 2, 2, 0, 0, 0, 0, 0, 0, 0, 0, 0, 0, 0, 0, 0, 0, 0, 1, 1, 0, 0, 0, 0, 0, 0, 0, 0, 0, 0, 0, 0, 0, 0, 0, 0, 0, 0, 0, 0, 0, 0, 0, 0, 0, 0, 0, 0, 0, 0, 0, 0, 0, 0, 0, 0, 0, 0, 1, 1, 0, 0, 0, 0, 0, 0, 0, 0, 0, 0, 0, 0, 0, 0, 0, 0, 0, 0, 0, 0, 0, 0, 0, 0, 0, 0, 0, 0, 0, 0, 0, 0, 0, 0, 0, 0, 0, 0, 1, 1, 0, 0, 0, 0, 0, 0, 0, 0, 0, 0, 0, 0, 0, 0, 0, 0, 0, 0, 0, 0, 0, 0, 0, 0, 0, 0, 0, 0, 0, 0, 0, 0, 0, 0, 0, 0, 0, 0, 1, 1, 0, 0, 0, 0, 0, 0, 0, 0, 0, 0, 0, 0, 0, 0, 0, 0, 0, 0, 0, 0, 0, 1, 1, 0, 0, 0, 0, 0, 0, 0, 0, 0, 0, 0, 0, 0, 0, 0, 1, 1, 0, 0, 0, 0, 0, 0, 0, 0, 0, 0, 0, 0, 0, 0, 0, 0, 0, 0, 0, 0, 0, 0, 0, 0, 0, 0, 0, 0, 0, 0, 0, 0, 0, 0, 0, 0, 0, 0, 1, 1, 0, 0, 0, 0, 0, 0, 0, 0, 0, 0, 0, 0, 0, 0, 0, 0, 0, 0, 0, 0, 0, 0, 0, 0, 0, 0, 0, 0, 0, 0, 0, 0, 2, 2, 2, 2, 2, 2, 1, 1, 0, 0, 0, 0, 0, 0, 0, 0, 0, 0, 0, 0, 0, 1, 0, 0, 0, 0, 0, 1, 0, 0, 0, 0, 0, 0, 0, 0, 0, 0, 0, 0, 0, 0, 0, 0, 0, 0, 1, 1, 2, 2, 2, 0, 0, 0, 0, 0, 0, 0, 0, 0, 2, 2, 2, 2, 2, 2, 2, 2, 2, 2, 2, 2, 0, 0, 0, 0, 0, 0, 0, 0, 0, 0, 0, 0, 0, 0, 1, 1, 0, 0, 0, 0, 0, 0, 0, 0, 0, 0, 0, 0, 0, 0, 0, 0, 0, 0, 0, 0, 0, 0, 0, 0, 0, 0, 0, 0, 0, 0, 0, 0, 0, 0, 0, 0, 0, 0, 1, 1, 0, 0, 0, 0, 0, 0, 0, 0, 0, 0, 0, 0, 0, 0, 0, 0, 0, 0, 0, 0, 0, 0, 0, 0, 0, 0, 0, 0, 0, 0, 0, 0, 0, 0, 0, 0, 0, 0, 1, 1, 0, 0, 0, 0, 0, 0, 0, 0, 0, 0, 0, 0, 0, 0, 0, 0, 0, 0, 0, 0, 0, 0, 0, 0, 0, 0, 0, 0, 0, 0, 0, 0, 0, 0, 0, 0, 0, 0, 1, 1, 0, 0, 0, 0, 0, 0, 0, 0, 0, 0, 0, 0, 0, 0, 0, 0, 0, 0, 0, 0, 0, 0, 0, 0, 0, 0, 0, 1, 1, 1, 1, 0, 0, 0, 0, 0, 0, 0, 1, 1, 0, 0, 0, 0, 0, 0, 0, 0, 0, 0, 0, 0, 0, 0, 0, 0, 0, 0, 0, 0, 0, 0, 0, 0, 0, 0, 0, 1, 1, 1, 1, 0, 0, 0, 0, 0, 0, 0, 1, 1, 0, 0, 0, 0, 0, 0, 1, 1, 1, 1, 1, 0, 0, 0, 0, 0, 0, 0, 0, 0, 0, 0, 0, 0, 0, 0, 0, 0, 0, 0, 0, 0, 0, 0, 0, 0, 0, 0, 1, 1, 0, 0, 0, 0, 0, 0, 1, 1, 1, 1, 1, 0, 0, 0, 0, 0, 1, 0, 0, 0, 0, 0, 1, 0, 0, 0, 0, 0, 0, 0, 0, 0, 0, 0, 0, 0, 0, 0, 1, 1, 2, 2, 2, 0, 0, 0, 0, 0, 0, 0, 0, 0, 0, 0, 0, 0, 2, 2, 2, 2, 2, 2, 2, 0, 0, 0, 0, 0, 0, 0, 0, 0, 0, 0, 0, 0, 0, 0, 1, 1, 0, 0, 0, 0, 0, 0, 0, 0, 0, 0, 0, 0, 0, 0, 0, 0, 0, 0, 0, 0, 0, 0, 0, 0, 0, 0, 0, 0, 0, 0, 0, 0, 0, 0, 0, 0, 0, 0, 1, 1, 0, 0, 0, 0, 0, 0, 0, 0, 0, 0, 0, 0, 0, 0, 0, 0, 0, 0, 0, 0, 0, 0, 0, 0, 0, 0, 0, 0, 0, 0, 0, 0, 0, 0, 0, 0, 0, 0, 1, 1, 0, 0, 0, 0, 0, 0, 0, 0, 0, 0, 0, 0, 0, 0, 0, 0, 0, 0, 0, 0, 0, 0, 0, 0, 0, 0, 0, 0, 0, 0, 0, 0, 0, 0, 0, 0, 0, 0, 1, 1, 0, 0, 0, 0, 0, 0, 0, 0, 0, 0, 0, 0, 0, 0, 0, 0, 0, 0, 0, 0, 0, 0, 0, 0, 0, 0, 0, 0, 0, 0, 0, 0, 2, 2, 2, 2, 2, 2, 1, 1, 0, 0, 0, 0, 0, 0, 0, 0, 1, 1, 1, 1, 1, 1, 2, 2, 2, 2, 2, 2, 2, 2, 2, 0, 0, 0, 0, 0, 0, 0, 0, 0, 0, 0, 0, 0, 0, 0, 1, 1, 0, 0, 0, 0, 0, 0, 0, 0, 0, 0, 0, 0, 0, 0, 0, 0, 0, 0, 0, 0, 0, 0, 0, 0, 0, 0, 0, 0, 0, 0, 0, 0, 0, 0, 0, 0, 0, 0, 1, 1, 0, 0, 0, 0, 0, 0, 0, 0, 0, 0, 0, 0, 0, 0, 0, 0, 0, 0, 0, 0, 0, 0, 0, 0, 0, 0, 0, 0, 0, 0, 0, 0, 0, 0, 0, 0, 0, 0, 1, 1, 2, 2, 2, 0, 0, 0, 0, 0, 0, 0, 0, 0, 0, 0, 0, 0, 0, 2, 2, 2, 2, 2, 2, 0, 0, 0, 0, 0, 0, 0, 0, 0, 0, 0, 0, 0, 0, 0, 1, 1, 0, 0, 0, 0, 0, 0, 0, 0, 0, 0, 0, 0, 0, 0, 0, 0, 0, 0, 0, 0, 0, 0, 0, 0, 0, 0, 0, 0, 0, 0, 0, 0, 0, 0, 0, 0, 0, 0, 1, 1, 0, 0, 0, 0, 0, 0, 0, 0, 0, 0, 0, 0, 0, 0, 0, 0, 0, 0, 0, 0, 0, 0, 0, 0, 0, 0, 0, 0, 0, 0, 0, 0, 0, 0, 0, 0, 0, 0, 1, 1, 0, 0, 0, 0, 0, 0, 0, 0, 0, 0, 0, 0, 0, 0, 0, 0, 0, 0, 0, 0, 0, 0, 0, 0, 0, 0, 0, 0, 0, 1, 1, 1, 0, 0, 0, 0, 0, 0, 1, 1, 0, 0, 0, 0, 0, 0, 0, 0, 0, 0, 0, 0, 0, 0, 0, 0, 0, 0, 0, 0, 1, 1, 0, 0, 0, 0, 0, 0, 0, 1, 1, 1, 0, 0, 0, 0, 0, 0, 1, 1, 0, 0, 0, 0, 0, 0, 0, 0, 0, 0, 0, 0, 0, 0, 0, 0, 0, 0, 0, 0, 1, 1, 0, 0, 0, 0, 0, 0, 0, 1, 1, 1, 0, 0, 0, 0, 0, 0, 1, 1, 1, 1, 1, 1, 1, 1, 1, 1, 1, 1, 1, 1, 1, 1, 1, 1, 1, 1, 1, 1, 1, 1, 1, 1, 1, 1, 1, 1, 1, 1, 1, 1, 1, 1, 1, 1, 1, 1, 1, 0, 0, 0, 0, 0, 0, 0, 1, 1, 1, 1, 1, 0, 0, 1, 1, 1, 1, 1, 1, 0, 0, 1, 1, 0, 0, 0, 0, 0, 0, 0, 0, 0, 0, 0, 0, 0, 0, 0, 0, 0, 0, 0, 0, 0, 0, 0, 0, 0, 0, 0, 0, 0, 0, 0, 0, 0, 0, 0, 0, 0, 0, 0, 0, 0, 0, 0, 0, 0, 0, 0, 0, 0, 0, 0, 0, 0, 0, 0, 0, 0, 0, 0, 0, 0, 0, 0, 0, 0, 0, 0, 0, 0, 0, 0, 0, 0, 0, 0, 0, 0, 0, 0, 0, 0, 0, 0, 0, 0, 0, 0, 0, 0, 0, 0, 0, 0, 0, 0, 0, 0, 0, 0, 0, 0, 0, 0, 0, 0, 0, 0, 0, 0, 0, 0, 0, 0, 0, 0, 0, 0, 0, 0, 0, 0, 0, 0, 0, 0, 0, 0, 0, 0, 0, 0, 0, 0, 0, 0, 0, 0, 0, 0, 0, 0, 0, 0, 0, 0, 0, 0, 0, 0, 0, 0, 0, 0, 0, 0, 0, 0, 0, 0, 0, 0, 0, 0, 0, 0, 0, 0, 0, 0, 0, 0, 0, 0, 0, 0, 0, 0, 0, 0, 0, 0, 0, 0, 0, 0, 0, 0, 0, 0, 0, 0, 0, 0, 0, 0, 0, 0, 0, 0, 0, 0, 0, 0, 0, 0, 0, 0, 0, 0, 0, 0, 0, 0, 0, 0, 0],
         "height":60,
         "name":"Collisions Layer",
         "opacity":1,
         "type":"tilelayer",
         "visible":true,
         "width":40,
         "x":0,
         "y":0
        }, 
        {
         "data":[0, 0, 0, 0, 88, 89, 90, 91, 92, 93, 565, 566, 567, 0, 0, 0, 0, 0, 0, 0, 0, 0, 0, 0, 88, 89, 90, 91, 92, 93, 565, 566, 567, 0, 0, 0, 0, 0, 0, 0, 0, 0, 0, 0, 124, 125, 126, 127, 128, 129, 601, 602, 603, 0, 0, 0, 0, 0, 0, 0, 0, 0, 0, 0, 124, 125, 126, 127, 128, 129, 601, 602, 603, 0, 0, 0, 0, 0, 0, 0, 0, 0, 0, 0, 160, 161, 162, 163, 164, 392, 393, 394, 395, 0, 0, 0, 0, 0, 0, 0, 0, 0, 0, 0, 160, 161, 162, 163, 164, 165, 529, 530, 531, 0, 0, 0, 0, 0, 0, 0, 0, 0, 0, 0, 268, 269, 270, 271, 272, 428, 429, 430, 431, 0, 0, 0, 0, 0, 0, 0, 0, 0, 0, 0, 268, 269, 270, 271, 272, 273, 565, 566, 567, 0, 0, 0, 0, 0, 0, 0, 0, 0, 0, 0, 304, 305, 306, 307, 308, 464, 465, 466, 467, 0, 0, 0, 0, 0, 0, 0, 0, 0, 0, 0, 304, 305, 306, 307, 308, 309, 601, 602, 603, 0, 0, 0, 0, 0, 0, 0, 0, 0, 0, 0, 304, 305, 306, 307, 308, 309, 529, 530, 531, 0, 0, 0, 0, 0, 0, 0, 0, 0, 0, 0, 304, 305, 306, 307, 308, 309, 529, 530, 531, 0, 0, 0, 0, 0, 0, 0, 0, 0, 0, 0, 376, 377, 378, 379, 380, 381, 565, 566, 567, 0, 0, 64, 65, 64, 65, 64, 64, 65, 0, 0, 376, 377, 378, 379, 380, 381, 565, 566, 567, 0, 0, 0, 0, 0, 0, 0, 0, 0, 0, 0, 412, 413, 414, 415, 416, 417, 601, 602, 603, 97, 98, 100, 101, 100, 101, 100, 100, 101, 97, 98, 412, 413, 414, 415, 416, 417, 601, 602, 603, 0, 0, 0, 0, 0, 0, 0, 0, 0, 0, 0, 448, 449, 450, 451, 452, 453, 529, 530, 531, 133, 134, 0, 0, 0, 0, 0, 0, 0, 133, 134, 448, 449, 450, 451, 452, 453, 529, 530, 531, 0, 0, 0, 0, 0, 0, 0, 0, 0, 0, 0, 232, 233, 234, 235, 236, 237, 565, 566, 567, 0, 0, 0, 0, 0, 0, 0, 0, 0, 0, 0, 232, 233, 234, 235, 236, 237, 565, 566, 567, 0, 0, 0, 0, 0, 0, 0, 0, 0, 0, 0, 268, 269, 270, 271, 272, 273, 601, 602, 603, 0, 0, 0, 0, 0, 0, 0, 0, 0, 0, 0, 268, 269, 270, 271, 272, 273, 601, 602, 603, 0, 0, 0, 0, 0, 0, 0, 0, 0, 0, 0, 304, 305, 306, 307, 308, 309, 529, 530, 531, 0, 0, 0, 0, 0, 0, 0, 0, 0, 0, 0, 304, 305, 306, 307, 308, 309, 529, 530, 531, 0, 0, 0, 0, 0, 0, 0, 64, 65, 64, 65, 232, 233, 234, 235, 236, 237, 565, 566, 567, 0, 0, 0, 0, 0, 0, 0, 0, 0, 0, 0, 232, 233, 241, 241, 241, 241, 565, 566, 567, 0, 0, 0, 0, 0, 0, 0, 100, 101, 100, 101, 268, 269, 270, 271, 272, 273, 601, 602, 603, 0, 0, 0, 0, 0, 0, 0, 0, 0, 0, 0, 268, 269, 241, 241, 241, 241, 601, 602, 603, 0, 0, 0, 0, 0, 0, 0, 0, 0, 0, 0, 304, 305, 306, 307, 308, 309, 529, 530, 531, 0, 0, 0, 0, 0, 0, 0, 0, 0, 0, 0, 304, 305, 306, 307, 308, 309, 529, 530, 531, 64, 65, 64, 65, 64, 64, 65, 0, 0, 0, 0, 376, 377, 378, 379, 380, 381, 565, 566, 567, 506, 507, 508, 510, 511, 513, 514, 514, 516, 517, 518, 520, 521, 522, 523, 524, 525, 565, 566, 567, 100, 101, 100, 101, 100, 100, 101, 0, 0, 0, 0, 412, 413, 414, 415, 416, 417, 601, 602, 603, 542, 543, 544, 546, 547, 549, 550, 550, 552, 553, 554, 556, 557, 558, 559, 560, 561, 601, 602, 603, 0, 0, 0, 0, 0, 0, 0, 0, 0, 0, 0, 448, 449, 450, 451, 452, 453, 529, 530, 531, 0, 0, 0, 0, 0, 0, 0, 0, 588, 589, 590, 592, 593, 594, 595, 596, 597, 529, 530, 531, 0, 0, 0, 0, 0, 0, 0, 0, 0, 0, 0, 268, 269, 270, 271, 272, 273, 565, 566, 241, 241, 0, 0, 0, 0, 0, 0, 0, 0, 0, 0, 268, 269, 270, 271, 272, 273, 565, 566, 567, 0, 0, 0, 0, 0, 0, 0, 0, 0, 0, 0, 304, 305, 306, 307, 308, 309, 601, 602, 241, 241, 0, 0, 0, 0, 0, 0, 0, 0, 0, 0, 304, 305, 306, 307, 308, 309, 601, 602, 603, 0, 0, 0, 0, 0, 0, 0, 0, 0, 0, 0, 232, 233, 234, 235, 236, 237, 529, 530, 531, 0, 0, 0, 0, 0, 0, 0, 0, 0, 0, 0, 232, 233, 234, 235, 236, 237, 529, 530, 531, 0, 0, 0, 0, 0, 0, 0, 0, 0, 0, 0, 268, 269, 270, 271, 272, 273, 565, 566, 567, 0, 0, 0, 0, 241, 241, 0, 0, 0, 0, 0, 268, 269, 270, 271, 272, 273, 565, 566, 567, 0, 0, 0, 0, 0, 0, 0, 0, 0, 0, 0, 304, 305, 306, 307, 308, 309, 601, 602, 603, 0, 0, 0, 0, 241, 241, 0, 0, 0, 0, 0, 304, 305, 306, 307, 308, 309, 601, 602, 603, 0, 0, 0, 0, 0, 0, 0, 514, 516, 517, 518, 664, 665, 666, 667, 668, 669, 670, 671, 674, 533, 534, 535, 510, 511, 510, 511, 514, 516, 517, 518, 520, 521, 522, 523, 524, 525, 529, 530, 531, 0, 0, 0, 0, 0, 0, 0, 550, 552, 553, 554, 700, 701, 702, 703, 704, 705, 706, 707, 710, 569, 570, 571, 546, 547, 546, 547, 550, 552, 553, 554, 556, 557, 558, 559, 560, 561, 565, 566, 567, 0, 0, 0, 0, 0, 0, 0, 0, 588, 589, 590, 736, 737, 738, 739, 740, 741, 742, 743, 746, 605, 606, 607, 0, 0, 0, 0, 0, 588, 589, 590, 592, 593, 594, 595, 596, 597, 601, 602, 603, 0, 0, 0, 0, 0, 0, 0, 0, 0, 0, 0, 268, 269, 270, 271, 272, 273, 529, 530, 531, 0, 0, 0, 0, 0, 0, 0, 0, 0, 0, 0, 268, 269, 270, 271, 272, 273, 529, 530, 531, 0, 0, 0, 0, 0, 0, 0, 0, 0, 0, 0, 304, 305, 306, 307, 308, 309, 565, 566, 567, 0, 0, 0, 0, 0, 0, 0, 0, 0, 239, 239, 304, 305, 306, 307, 308, 309, 565, 566, 567, 0, 0, 0, 0, 0, 0, 0, 0, 0, 0, 0, 232, 233, 234, 235, 236, 237, 601, 602, 603, 0, 0, 0, 0, 0, 0, 0, 0, 0, 0, 0, 232, 233, 234, 235, 236, 237, 601, 602, 603, 64, 65, 64, 65, 64, 64, 65, 0, 0, 0, 0, 268, 269, 270, 271, 272, 273, 529, 530, 531, 0, 0, 0, 0, 0, 0, 0, 0, 0, 0, 0, 268, 269, 270, 271, 272, 273, 529, 530, 531, 100, 101, 100, 101, 100, 100, 101, 0, 0, 0, 0, 304, 305, 306, 307, 308, 309, 565, 566, 567, 0, 241, 0, 0, 0, 0, 0, 241, 0, 0, 0, 304, 305, 306, 307, 308, 309, 565, 566, 567, 0, 0, 0, 0, 0, 0, 0, 514, 516, 517, 518, 520, 521, 522, 523, 524, 525, 601, 602, 603, 533, 534, 535, 510, 511, 510, 511, 514, 516, 517, 518, 520, 521, 522, 523, 524, 525, 601, 602, 603, 0, 0, 0, 0, 0, 0, 0, 550, 552, 553, 554, 556, 557, 558, 559, 560, 561, 529, 530, 531, 569, 570, 571, 546, 547, 546, 547, 550, 552, 553, 554, 556, 557, 558, 559, 560, 561, 529, 530, 531, 0, 0, 0, 0, 0, 0, 0, 0, 588, 589, 590, 592, 593, 594, 595, 596, 597, 565, 566, 567, 605, 606, 607, 0, 0, 0, 0, 0, 588, 589, 590, 592, 593, 594, 595, 596, 597, 565, 566, 567, 0, 0, 0, 0, 0, 0, 0, 0, 0, 0, 0, 268, 269, 270, 271, 272, 273, 601, 602, 603, 0, 0, 0, 0, 0, 0, 0, 0, 0, 0, 0, 268, 269, 270, 271, 272, 273, 601, 602, 603, 0, 0, 0, 0, 0, 0, 0, 0, 0, 0, 0, 304, 305, 306, 307, 308, 309, 529, 530, 531, 0, 0, 0, 0, 0, 0, 0, 0, 0, 0, 0, 304, 305, 306, 307, 241, 239, 239, 241, 531, 0, 0, 0, 0, 0, 0, 0, 0, 0, 0, 0, 232, 233, 234, 235, 236, 237, 565, 566, 567, 0, 0, 0, 0, 0, 0, 0, 0, 0, 0, 0, 232, 233, 234, 235, 241, 239, 239, 241, 567, 0, 0, 0, 0, 0, 0, 0, 0, 0, 0, 0, 268, 269, 270, 241, 241, 241, 241, 241, 603, 0, 0, 0, 0, 0, 0, 0, 0, 0, 0, 0, 268, 269, 270, 271, 272, 273, 601, 602, 603, 0, 0, 0, 0, 0, 0, 0, 0, 0, 0, 0, 304, 305, 306, 241, 241, 241, 241, 241, 531, 0, 0, 0, 0, 241, 0, 0, 0, 0, 0, 241, 304, 305, 306, 307, 308, 309, 529, 530, 531, 0, 0, 0, 0, 0, 0, 0, 514, 516, 517, 518, 520, 521, 522, 523, 524, 525, 565, 566, 567, 0, 0, 0, 506, 507, 508, 510, 511, 516, 517, 518, 520, 521, 522, 523, 524, 525, 565, 566, 567, 0, 0, 0, 0, 0, 0, 0, 550, 552, 553, 554, 556, 557, 558, 559, 560, 561, 601, 602, 603, 0, 0, 0, 542, 543, 544, 546, 547, 552, 553, 554, 556, 557, 558, 559, 560, 561, 601, 602, 603, 0, 0, 0, 0, 0, 0, 0, 0, 588, 589, 590, 592, 593, 594, 595, 596, 597, 529, 530, 531, 0, 0, 0, 0, 0, 0, 0, 0, 588, 589, 590, 592, 593, 594, 595, 596, 597, 529, 530, 531, 0, 0, 0, 0, 0, 0, 0, 0, 0, 0, 0, 268, 269, 270, 271, 272, 273, 565, 566, 567, 0, 0, 0, 0, 0, 0, 0, 0, 0, 0, 0, 268, 269, 270, 271, 272, 273, 565, 566, 567, 64, 65, 64, 65, 64, 64, 65, 0, 0, 0, 0, 304, 305, 306, 307, 308, 309, 601, 602, 603, 0, 0, 64, 65, 64, 65, 64, 65, 64, 64, 65, 304, 305, 306, 307, 308, 309, 601, 602, 603, 100, 101, 100, 101, 100, 100, 101, 0, 0, 0, 0, 232, 233, 234, 235, 236, 239, 241, 241, 239, 239, 241, 100, 101, 100, 101, 100, 101, 100, 100, 101, 232, 233, 234, 235, 236, 237, 529, 530, 531, 0, 0, 0, 0, 0, 0, 0, 0, 0, 0, 0, 268, 269, 270, 271, 272, 273, 565, 566, 567, 0, 0, 0, 0, 0, 0, 0, 0, 0, 0, 0, 268, 269, 270, 271, 272, 273, 565, 566, 567, 0, 0, 0, 0, 0, 0, 0, 0, 0, 0, 0, 304, 305, 306, 307, 308, 309, 601, 602, 603, 0, 0, 0, 0, 0, 0, 0, 0, 0, 0, 0, 304, 305, 306, 307, 308, 309, 601, 602, 603, 0, 0, 0, 0, 0, 0, 0, 514, 516, 517, 518, 520, 521, 522, 523, 524, 525, 529, 530, 531, 0, 0, 0, 0, 506, 507, 508, 514, 516, 517, 518, 520, 521, 522, 523, 524, 525, 529, 530, 531, 0, 0, 0, 0, 0, 0, 0, 550, 552, 553, 554, 556, 557, 558, 559, 560, 561, 565, 566, 567, 0, 0, 0, 0, 542, 543, 544, 550, 552, 553, 554, 556, 557, 558, 559, 560, 561, 565, 566, 567, 0, 0, 0, 0, 0, 0, 0, 0, 588, 589, 590, 592, 593, 594, 595, 596, 597, 601, 602, 603, 0, 0, 0, 0, 0, 0, 0, 0, 588, 589, 590, 592, 593, 594, 595, 596, 597, 601, 602, 603, 0, 0, 0, 0, 0, 0, 0, 0, 0, 0, 0, 268, 269, 270, 271, 272, 273, 529, 530, 531, 0, 0, 0, 0, 0, 0, 0, 0, 0, 0, 0, 268, 269, 270, 271, 272, 273, 239, 239, 239, 0, 0, 0, 0, 0, 0, 0, 0, 0, 0, 0, 304, 305, 306, 307, 308, 309, 565, 566, 567, 0, 0, 0, 0, 0, 0, 0, 0, 239, 239, 0, 304, 305, 306, 307, 308, 309, 239, 239, 239, 0, 0, 0, 0, 0, 0, 0, 0, 0, 0, 0, 232, 233, 234, 235, 236, 237, 601, 602, 603, 0, 0, 0, 0, 0, 0, 0, 0, 239, 239, 0, 232, 233, 234, 235, 236, 237, 239, 239, 239, 0, 0, 0, 0, 0, 0, 0, 514, 516, 517, 518, 664, 665, 666, 667, 668, 669, 670, 673, 674, 533, 534, 535, 513, 514, 510, 511, 514, 516, 517, 518, 664, 665, 666, 667, 668, 669, 670, 673, 674, 533, 534, 535, 513, 514, 513, 514, 550, 552, 553, 554, 700, 701, 702, 703, 704, 705, 706, 709, 710, 569, 570, 571, 549, 550, 546, 547, 550, 552, 553, 554, 700, 701, 702, 703, 704, 705, 706, 709, 710, 569, 570, 571, 549, 550, 549, 550, 0, 588, 589, 590, 736, 737, 738, 739, 740, 741, 742, 745, 746, 605, 606, 607, 0, 0, 0, 0, 0, 588, 589, 590, 736, 737, 738, 739, 740, 741, 742, 745, 746, 605, 606, 607, 0, 0, 0, 0, 0, 0, 0, 0, 376, 377, 378, 379, 380, 381, 529, 530, 531, 0, 0, 0, 0, 0, 0, 0, 0, 0, 0, 0, 376, 377, 378, 379, 380, 381, 529, 530, 531, 641, 642, 643, 0, 0, 0, 0, 0, 0, 0, 0, 412, 413, 414, 415, 416, 417, 565, 566, 567, 0, 0, 0, 0, 0, 0, 0, 0, 0, 0, 0, 412, 413, 414, 415, 416, 417, 565, 566, 567, 0, 0, 0, 0, 0, 0, 0, 0, 0, 0, 0, 448, 449, 450, 451, 452, 453, 601, 602, 603, 0, 0, 0, 0, 0, 0, 0, 0, 0, 0, 0, 448, 449, 450, 451, 452, 453, 601, 602, 603, 0, 0, 0, 0, 0, 0, 0, 0, 0, 0, 0, 376, 377, 378, 379, 380, 381, 529, 530, 531, 0, 0, 0, 0, 0, 0, 0, 0, 0, 0, 0, 376, 377, 378, 379, 380, 381, 529, 530, 531, 0, 0, 0, 0, 0, 0, 0],
         "height":60,
         "name":"Main Layer",
         "opacity":1,
         "type":"tilelayer",
         "visible":true,
         "width":40,
         "x":0,
         "y":0
        }],
 "nextobjectid":1,
 "orientation":"orthogonal",
 "renderorder":"right-down",
 "tiledversion":"1.1.4",
 "tileheight":16,
 "tilesets":[
        {
         "columns":36,
         "firstgid":1,
         "image":"..\/environment\/tileset.png",
         "imageheight":352,
         "imagewidth":576,
         "margin":0,
         "name":"tileset",
         "spacing":0,
         "tilecount":792,
         "tileheight":16,
         "tilewidth":16
        }],
 "tilewidth":16,
 "type":"map",
 "version":1,
 "width":40
}